event_id,origin_time,latitude,longitude,depth_km,magnitude,magnitude_type,x_m,y_m,z_m
3146603,2011/01/04 05:16:26.30,38.81513,-122.81541,3.023,0.99,ML,6289.3773903029805,5274.697009177445,3023.0
3146804,2011/01/05 23:47:23.05,38.83868,-122.8344,1.888,0.76,ML,3283.1491812953323,4598.288070186581,1888.0
3146927,2011/01/07 04:15:16.10,38.81199,-122.8138,3.421,1.95,ML,6633.649277703346,5421.443408177323,3421.0
3147136,2011/01/08 19:04:33.62,38.79458,-122.76272,1.819,1.13,ML,11128.31258671632,3649.2732094261823,1819.0
3257724,2011/01/09 01:38:20.73,38.80238,-122.81416,3.712,0.76,ML,7362.948761119292,6194.910081546258,3712.0
3147357,2011/01/10 13:42:42.71,38.81507,-122.8139,2.636,1.24,ML,6386.697060078869,5186.759854429063,2636.0
3147358,2011/01/10 14:04:32.26,38.84073,-122.82872,3.072,0.7,ML,3471.29460366094,4089.5733844063543,3072.0
3147404,2011/01/11 01:31:11.95,38.83277,-122.80552,2.488,2.22,ML,5516.833110029964,3288.781871586892,2488.0
3311301,2011/01/11 19:45:42.00,38.76593,-122.73973,0.996,1.07,ML,14778.670961878399,4479.065759538439,996.0
3147546,2011/01/12 16:13:44.13,38.81745,-122.79372,3.545,1.53,ML,7438.518697118111,3762.7651213283593,3545.0
3147614,2011/01/13 08:45:49.96,38.82248,-122.7939,4.213,1.01,ML,7034.193144758736,3380.5231639454796,4213.0
3257835,2011/01/13 14:31:21.85,38.81945,-122.8145,2.851,0.78,ML,6007.429269975192,4881.104047579211,2851.0
3257856,2011/01/14 15:02:14.55,38.84325,-122.79038,5.14,0.45,ML,5626.1646530926955,1540.6377038515498,5140.0
3148077,2011/01/17 16:26:35.03,38.83057,-122.82217,0.908,0.62,ML,4667.4796178588185,4482.1609147380905,908.0
3311338,2011/01/18 05:16:18.65,38.79395,-122.73689,4.497,1.12,ML,12762.068730167774,2114.033473755768,4497.0
3257953,2011/01/19 00:04:39.78,38.82848,-122.76231,1.635,0.8,ML,8502.902852605182,973.5619534239439,1635.0
3148585,2011/01/22 21:44:15.20,38.79115,-122.75353,3.613,1.36,ML,11960.241246324811,3353.7116588471795,3613.0
3148701,2011/01/24 09:02:18.16,38.81157,-122.78782,3.885,1.16,ML,8260.18751776494,3860.58277330272,3885.0
3148808,2011/01/25 12:50:33.99,38.7766,-122.70135,0.112,1.0,ML,16298.765598516944,1290.4472006420308,112.0
3258196,2011/01/29 02:27:53.81,38.83507,-122.82465,2.598,0.56,ML,4163.50387229526,4282.44803329533,2598.0
3258252,2011/01/30 23:15:14.03,38.8268,-122.82848,2.558,0.77,ML,4575.170619667677,5164.004607110517,2558.0
3149512,2011/02/03 02:41:47.40,38.83667,-122.82809,3.07,0.45,ML,3827.3826532750713,4368.368851602753,3070.0
3149677,2011/02/05 03:11:20.79,38.77618,-122.70817,2.098,1.27,ML,15913.242962946426,1741.647441400653,2098.0
3149707,2011/02/05 08:21:22.79,38.81042,-122.79372,1.613,1.39,ML,7988.177702435273,4312.424126645521,1613.0
3149794,2011/02/06 07:27:14.59,38.81256,-122.81123,3.859,0.92,ML,6746.734662131103,5219.224130996035,3859.0
3149994,2011/02/07 16:18:30.24,38.78872,-122.77779,4.358,1.43,ML,10662.048247481058,5031.896516274945,4358.0
3258501,2011/02/10 21:18:52.80,38.82512,-122.7895,0.617,0.35,ML,7097.688419437473,2904.197228089791,617.0
3150301,2011/02/10 22:54:52.88,38.7892,-122.74215,0.738,0.89,ML,12810.794090043375,2808.0905534981325,738.0
3258505,2011/02/11 00:42:40.92,38.81388,-122.74205,2.169,0.9,ML,10887.25783147919,872.2856310594724,2169.0
3150456,2011/02/12 07:37:37.87,38.8336,-122.8094,2.533,0.75,ML,5213.925301904456,3461.898221842264,2533.0
3150469,2011/02/12 09:43:43.40,38.83887,-122.7957,1.151,0.81,ML,5642.279992472482,2209.44596142418,1151.0
3258535,2011/02/12 11:43:49.19,38.84137,-122.82513,2.531,0.78,ML,3641.4770400894677,3819.310787692943,2531.0
3150517,2011/02/12 18:29:48.09,38.83545,-122.7755,1.713,0.89,ML,7148.816722191821,1237.712588229376,1713.0
3150535,2011/02/12 23:37:46.69,38.80953,-122.81564,3.572,1.88,ML,6713.119128094128,5726.656673883196,3572.0
3150657,2011/02/14 04:33:54.60,38.83915,-122.83048,2.98,0.99,ML,3486.8668094069426,4321.07407436543,2980.0
3150881,2011/02/17 11:44:37.28,38.81425,-122.7923,3.779,1.51,ML,7775.826611349444,3925.8580085236686,3779.0
3150984,2011/02/19 07:48:21.38,38.82637,-122.80479,0.0,0.87,ML,6062.014534603582,3744.4020498665573,0.0
3151168,2011/02/20 20:40:44.99,38.8069,-122.81374,3.732,0.6,ML,7035.304889251268,5815.737821399164,3732.0
3151348,2011/02/22 10:25:48.81,38.8126,-122.813,2.326,1.76,ML,6635.029481820356,5324.674301288073,2326.0
3151370,2011/02/22 15:37:58.87,38.82155,-122.79858,3.817,0.78,ML,6819.820901521359,3740.324390096984,3817.0
3151894,2011/02/26 21:55:51.61,38.81042,-122.79563,4.33,1.38,ML,7871.011962420701,4429.589866660092,4330.0
3152035,2011/02/27 16:49:18.44,38.8289,-122.78426,1.598,0.54,ML,7123.578189641192,2287.209011200944,1598.0
3152179,2011/02/28 16:58:20.69,38.8099,-122.79747,3.512,2.29,ML,7798.797819879202,4583.119139433686,3512.0
3152300,2011/03/01 02:49:36.42,38.8039,-122.80878,0.0,0.95,ML,7574.130629039967,5746.03783294801,0.0
3258954,2011/03/01 04:26:28.61,38.84887,-122.82552,2.066,0.21,ML,3031.145956359955,3256.8274930785906,2066.0
3152475,2011/03/01 05:48:21.73,38.80915,-122.83263,3.342,0.69,ML,5700.607429429127,6798.5909677175905,3342.0
3152545,2011/03/01 08:25:54.29,38.83182,-122.79438,2.61,0.77,ML,6274.475931873945,2679.6955376658384,2610.0
3152739,2011/03/02 08:58:11.58,38.84647,-122.82771,2.813,1.27,ML,3084.454387455029,3578.819663053777,2813.0
3153414,2011/03/08 05:33:10.81,38.79163,-122.75232,1.645,1.12,ML,11996.9366026668,3241.9561822918076,1645.0
3311667,2011/03/08 20:31:45.29,38.80968,-122.7914,3.301,1.1,ML,8188.353046059517,4227.966468351264,3301.0
3153531,2011/03/09 00:33:56.62,38.82043,-122.82845,2.321,0.73,ML,5075.066091918526,5660.219480199197,2321.0
3153700,2011/03/10 08:29:50.82,38.83907,-122.79639,2.87,0.8,ML,5584.315577056028,2236.1353267515397,2870.0
3153733,2011/03/10 14:23:05.17,38.83298,-122.76922,4.041,1.34,ML,7727.176202192455,1045.5999768303518,4041.0000000000005
3154265,2011/03/14 22:58:21.02,38.83068,-122.79702,1.034,0.64,ML,6201.663461467358,2930.7757935806035,1034.0
3259464,2011/03/16 17:01:35.15,38.821,-122.79238,0.836,0.72,ML,7243.152675544843,3402.999003819346,836.0
3154593,2011/03/17 22:16:13.79,38.84095,-122.82819,3.118,0.93,ML,3486.6052853827514,4039.8601475866494,3118.0
3259554,2011/03/20 22:12:55.80,38.82953,-122.75795,1.117,1.23,ML,8688.262718614182,624.0080744469143,1117.0
3155403,2011/03/26 19:33:24.15,38.83987,-122.829,3.036,1.06,ML,3521.3598319274,4173.990871523784,3036.0
3155554,2011/03/27 23:04:07.13,38.83837,-122.82693,3.097,1.34,ML,3765.6219408757624,4164.291638244194,3097.0
3155577,2011/03/28 04:26:40.97,38.83828,-122.80035,2.888,0.8,ML,5403.164256241719,2540.823095418387,2888.0
3155583,2011/03/28 05:22:44.51,38.8304,-122.79324,2.655,1.32,ML,6455.43374378326,2720.7905813901016,2655.0
3155599,2011/03/28 06:43:11.27,38.82972,-122.79218,2.088,1.34,ML,6573.625247476017,2708.9342479998263,2088.0
3155608,2011/03/28 07:33:17.62,38.83915,-122.82132,2.554,0.58,ML,4048.771614918735,3759.1692688536377,2554.0
3259782,2011/03/28 09:51:41.14,38.8232,-122.79315,0.0,0.46,ML,7023.905544132217,3278.2205842508106,0.0
3155685,2011/03/28 20:25:30.90,38.8115,-122.8285,2.758,1.57,ML,5770.214419190115,6361.502139408895,2758.0
3155944,2011/03/30 23:20:14.75,38.82635,-122.82532,2.161,0.95,ML,4804.1999402554975,5005.34414922344,2161.0
3156266,2011/04/02 02:00:13.19,38.83963,-122.82955,2.724,0.58,ML,3506.3860363220174,4226.494727235859,2724.0
3156538,2011/04/03 17:33:56.92,38.80022,-122.77119,0.0,0.49,ML,10167.756465318313,3727.8729183096907,0.0
3259991,2011/04/03 19:57:36.46,38.83529,-122.79677,4.537,0.45,ML,5856.5543390349985,2554.9950114576977,4537.0
3311867,2011/04/04 00:54:37.54,38.81967,-122.78605,4.002,0.63,ML,7735.445428759886,3118.685333696623,4002.0
3156817,2011/04/05 09:34:47.10,38.83778,-122.80105,2.328,0.58,ML,5399.317745286919,2622.8572315953706,2328.0
3156874,2011/04/05 17:21:09.93,38.83963,-122.82626,2.657,0.92,ML,3708.2055570786592,4024.675206479217,2657.0
3260076,2011/04/06 09:17:31.52,38.7552,-122.72028,2.16,0.96,ML,16810.751742442102,4124.8914162578885,2160.0
3157072,2011/04/07 03:36:29.85,38.79867,-122.73493,1.218,1.02,ML,12513.256045098424,1624.7549767209073,1218.0
3157126,2011/04/07 14:34:46.80,38.83568,-122.7899,2.474,1.03,ML,6247.489769331451,2103.0732334868985,2474.0
3157333,2011/04/09 00:16:07.12,38.81647,-122.82294,3.249,0.45,ML,5722.690777579894,5631.840786303256,3249.0
3157495,2011/04/09 22:06:34.88,38.84243,-122.82867,2.987,1.26,ML,3341.4428067510594,3953.5872555583655,2987.0
3157751,2011/04/11 12:30:49.10,38.83593,-122.8277,2.744,2.16,ML,3909.165390498517,4402.303799709294,2744.0
3157879,2011/04/12 05:24:16.92,38.83525,-122.79923,2.986,0.99,ML,5708.777278371368,2709.027082138925,2986.0
3157907,2011/04/12 09:54:58.86,38.8258,-122.76137,0.051,0.95,ML,8770.108408418764,1125.44206880491,51.0
3260405,2011/04/14 18:09:44.64,38.82105,-122.80693,2.705,0.5,ML,6346.697997318329,4291.634919523309,2705.0
3158398,2011/04/15 13:41:24.62,38.77105,-122.70914,1.426,1.7,ML,16254.842460541284,2202.25297859204,1426.0
3158411,2011/04/15 16:00:26.77,38.79432,-122.73508,1.273,0.87,ML,12844.170716912018,1974.0726443470865,1273.0
3311988,2011/04/15 23:17:30.81,38.83793,-122.82861,3.548,0.18,ML,3696.967719417259,4301.750969898485,3548.0
3158527,2011/04/16 05:56:27.96,38.84875,-122.822,1.972,1.38,ML,3256.4569556002957,3050.2815238910416,1972.0
3158884,2011/04/18 19:58:25.42,38.80878,-122.81192,4.029,2.29,ML,6999.956995101761,5557.100244710505,4029.0
3158961,2011/04/19 04:20:51.08,38.81342,-122.74015,2.77,0.87,ML,11039.77644590207,791.6996318411793,2770.0
3312043,2011/04/20 22:50:41.58,38.83533,-122.78817,1.038,0.51,ML,6380.97938068615,2024.31495978895,1038.0
3260676,2011/04/21 09:43:17.77,38.81927,-122.80537,4.017,0.43,ML,6581.56754844605,4335.11331418865,4017.0000000000005
3159450,2011/04/22 12:33:23.61,38.84032,-122.79028,3.263,0.68,ML,5861.388726933902,1763.5931138165386,3263.0
3159478,2011/04/22 18:31:22.41,38.84087,-122.82874,2.645,1.1,ML,3459.1214697424916,4079.8539832621027,2645.0
3260828,2011/04/25 14:09:44.72,38.7464,-122.70267,1.775,0.99,ML,18579.05869866932,3732.686663954208,1775.0
3260836,2011/04/25 18:48:04.13,38.77442,-122.74998,1.661,0.61,ML,13486.089000100386,4444.021845030955,1661.0
3160056,2011/04/26 16:43:37.83,38.83648,-122.80123,2.658,0.82,ML,5489.919860588509,2735.542941873457,2658.0
3160151,2011/04/27 01:04:35.54,38.8202,-122.82325,2.585,0.72,ML,5412.0345064911635,5359.217373229409,2585.0
3160167,2011/04/27 02:51:30.82,38.79692,-122.77744,0.0,0.86,ML,10042.37988243544,4369.287827664308,0.0
3160266,2011/04/27 19:26:23.14,38.82218,-122.80035,3.214,0.9,ML,6661.985022330317,3799.6438615069865,3214.0
3260927,2011/04/28 05:02:57.28,38.78082,-122.71201,3.416,0.96,ML,15314.894035495672,1614.4152067823854,3416.0
3160387,2011/04/28 13:45:22.56,38.82252,-122.82964,3.851,0.55,ML,4838.655405142264,5569.805893544354,3851.0
3160405,2011/04/28 16:07:16.81,38.8122,-122.7785,0.68,0.98,ML,8782.649050487917,3239.604832799814,680.0
3160431,2011/04/28 23:45:20.84,38.83872,-122.78495,1.297,0.78,ML,6313.448819580692,1561.733421882514,1297.0
3160513,2011/04/29 22:32:55.55,38.8144,-122.81992,3.058,0.78,ML,6069.795986316744,5608.432345989822,3058.0
3160590,2011/04/30 09:46:12.87,38.81547,-122.79583,2.981,1.1,ML,7463.895791169827,4047.0110231599115,2981.0
3160916,2011/05/03 01:12:05.73,38.82887,-122.79311,1.179,0.25,ML,6583.035441893161,2832.4430164616156,1179.0
3160998,2011/05/03 15:16:03.25,38.84387,-122.8241,0.337,0.61,ML,3509.1915959922176,3560.6581056748305,337.0
3161446,2011/05/06 19:30:33.10,38.81632,-122.79653,2.214,1.56,ML,7354.495986164468,4023.4918652863366,2214.0
3161471,2011/05/07 00:17:39.80,38.8188,-122.79939,1.868,0.62,ML,6985.148782187194,4005.028448157049,1868.0
3161589,2011/05/07 23:50:03.61,38.77362,-122.69542,1.941,1.75,ML,16895.53060559951,1159.6804398882146,1941.0
3312209,2011/05/09 03:23:20.55,38.815,-122.82633,2.63,0.39,ML,5629.672733963208,5954.730448076074,2630.0
3161931,2011/05/10 14:45:14.81,38.82102,-122.81077,2.208,1.44,ML,6113.485279658963,4529.538894696428,2208.0
3161995,2011/05/11 02:55:41.20,38.83495,-122.80141,2.07,0.31,ML,5598.505129691524,2866.211805952967,2070.0
3162022,2011/05/11 09:44:19.75,38.83452,-122.80643,3.005,2.18,ML,5324.18234525453,3207.775948081906,3005.0
3162285,2011/05/14 02:36:41.78,38.85312,-122.86805,1.693,0.71,ML,89.91717597145943,5533.461459072416,1693.0
3162395,2011/05/15 01:43:18.31,38.83842,-122.8017,2.799,1.04,ML,5309.404507548511,2612.690309048894,2799.0
3162568,2011/05/16 15:42:23.72,38.75437,-122.72735,2.767,2.64,ML,16441.95020336732,4623.484413202801,2767.0
3162639,2011/05/17 09:05:42.98,38.755,-122.72028,1.325,1.46,ML,16826.389267486647,4140.528941302437,1325.0
3162690,2011/05/17 22:54:27.62,38.82802,-122.80592,2.136,0.98,ML,5863.687002086827,3684.7104191468843,2136.0
3312274,2011/05/19 05:27:05.37,38.80582,-122.74903,0.667,1.38,ML,11089.273721510246,1930.65425962197,667.0
3162877,2011/05/19 20:12:35.12,38.81533,-122.80793,2.632,0.6,ML,6732.587894213827,4800.211455177502,2632.0
3162889,2011/05/19 22:57:21.73,38.78876,-122.73521,1.429,1.37,ML,13270.91928163192,2416.7704721053756,1429.0
3261608,2011/05/24 04:01:18.35,38.81142,-122.79217,3.494,0.55,ML,8005.072222249739,4139.154356385577,3494.0
3163343,2011/05/24 04:56:47.81,38.81618,-122.81482,1.076,0.99,ML,6243.472942252763,5156.407444259631,1076.0
3163389,2011/05/24 14:37:31.78,38.8396,-122.82648,3.168,1.28,ML,3697.055655572219,4040.5163654994103,3168.0
3163454,2011/05/25 03:55:59.07,38.79143,-122.7291,1.096,0.8,ML,13436.966003692689,1833.2018313550132,1096.0
3163478,2011/05/25 09:55:53.33,38.8109,-122.83115,2.794,1.24,ML,5654.567197970524,6570.974510896884,2794.0
3163612,2011/05/26 17:28:56.56,38.83737,-122.80672,2.987,1.49,ML,5083.55805074956,3002.7307788158755,2987.0
3261695,2011/05/27 19:55:06.10,38.81393,-122.82005,3.064,0.44,ML,6098.569538652322,5653.155161363787,3064.0
3312332,2011/05/28 05:53:54.34,38.84195,-122.83015,3.132,0.52,ML,3288.1847541772568,4081.9054283466658,3132.0
3163798,2011/05/28 09:49:16.77,38.84213,-122.827,2.923,0.87,ML,3467.3424376814432,3874.6001997621806,2923.0
3163980,2011/05/29 18:00:50.46,38.81352,-122.79189,4.709,1.57,ML,7858.054338708065,3957.7842139911904,4709.0
3164039,2011/05/30 04:35:56.70,38.81357,-122.82101,2.305,0.75,ML,6067.827497128342,5740.192293048362,2305.0
3164096,2011/05/30 15:27:32.15,38.81225,-122.79433,2.755,1.95,ML,7807.674923455697,4206.760197309482,2755.0
3164272,2011/06/01 10:32:40.68,38.83452,-122.7896,3.147,0.56,ML,6356.590410404822,2175.3678829316145,3147.0
3164572,2011/06/03 12:56:53.59,38.82928,-122.8037,2.657,0.97,ML,5901.352763327483,3450.011842345258,2657.0
3165084,2011/06/07 15:47:54.19,38.80497,-122.74873,1.141,0.98,ML,11174.136198764041,1978.7107452471098,1141.0
3312446,2011/06/08 10:22:43.71,38.8292,-122.78795,3.062,0.27,ML,6873.765053565885,2490.1095721420506,3062.0
3165479,2011/06/10 04:03:43.95,38.78587,-122.77119,2.625,1.54,ML,11289.748887267258,4849.865340258636,2625.0
3165567,2011/06/10 19:15:24.81,38.82262,-122.80521,3.19,0.8,ML,6329.453935049734,4063.3698385917805,3190.0
3166003,2011/06/14 03:52:20.53,38.82715,-122.80185,2.725,1.26,ML,6181.377545903367,3503.0663432180777,2725.0
3166070,2011/06/14 17:23:19.40,38.83825,-122.79283,3.284,1.52,ML,5866.811646728503,2081.866962444244,3284.0
3166187,2011/06/15 19:04:09.40,38.83348,-122.79095,3.159,1.02,ML,6355.092059474502,2339.4964943250106,3159.0
3166269,2011/06/16 09:46:14.72,38.83595,-122.75951,2.544,0.14,ML,8090.602586451078,217.73909874793506,2544.0
3262252,2011/06/17 07:05:11.88,38.79912,-122.7584,4.502,0.62,ML,11038.343907922308,3029.298251196279,4502.0
3166560,2011/06/18 23:14:52.54,38.82338,-122.79263,3.557,1.34,ML,7041.73029766884,3232.248285633889,3557.0
3166615,2011/06/19 09:51:35.63,38.84002,-122.80862,2.866,1.72,ML,4759.808537088019,2912.0858787955085,2866.0
3312622,2011/06/24 11:06:07.39,38.82095,-122.78375,4.22,0.68,ML,7776.454903046599,2877.5155388390326,4220.0
3167280,2011/06/25 02:54:21.22,38.77938,-122.7186,2.013,1.92,ML,15023.231741109037,2131.257861810288,2013.0
3262530,2011/06/26 10:30:07.73,38.80712,-122.81502,2.656,1.08,ML,6939.584162896616,5877.055992655923,2656.0
3167858,2011/06/30 03:22:21.82,38.85137,-122.82101,1.788,0.27,ML,3112.3352637015814,2784.7000596216026,1788.0
3312700,2011/06/30 18:23:42.80,38.83082,-122.79321,4.913,0.9,ML,6424.435240770294,2686.111479214967,4913.0
3167962,2011/07/01 00:39:18.17,38.82215,-122.77785,1.877,0.99,ML,8044.555337115545,2421.7648042355117,1877.0
3168035,2011/07/01 18:33:57.88,38.8257,-122.79318,3.639,1.05,ML,6826.596181493135,3084.59182077564,3639.0
3262744,2011/07/02 23:35:25.58,38.8252,-122.8151,3.957,0.64,ML,5521.044433315688,4468.331194175271,3957.0
3168236,2011/07/03 10:02:06.02,38.81267,-122.81842,3.442,1.05,ML,6297.075557020706,5651.681958557484,3442.0
3168648,2011/07/07 03:46:47.58,38.83702,-122.78558,2.095,1.39,ML,6407.72149125076,1733.2986759703158,2095.0
3168651,2011/07/07 04:21:46.50,38.8222,-122.79208,4.654,0.92,ML,7167.730521090457,3290.770857738048,4654.0
3168677,2011/07/07 10:14:12.94,38.81843,-122.79118,1.396,1.21,ML,7517.7068556223385,3530.3292173874524,1396.0
3168773,2011/07/08 01:41:28.16,38.74008,-122.72905,1.803,0.99,ML,17454.9677248587,5845.069220582916,1803.0
3168813,2011/07/08 06:04:45.30,38.79138,-122.80867,3.575,0.85,ML,8559.787461962325,6718.199135607926,3575.0
3168820,2011/07/08 07:10:22.97,38.82362,-122.78862,3.944,1.19,ML,7268.951978325999,2967.4965448700377,3944.0
3169066,2011/07/10 15:10:48.93,38.79799,-122.73656,1.468,1.14,ML,12466.434019662873,1777.9121724600463,1468.0
3263019,2011/07/11 02:22:00.39,38.81425,-122.82458,3.373,0.57,ML,5795.664261793547,5906.020358079566,3373.0
3169291,2011/07/12 12:03:27.42,38.80388,-122.79893,3.305,1.41,ML,8179.926077428064,5143.369889568711,3305.0
3169594,2011/07/15 08:19:32.50,38.81528,-122.80598,1.461,1.15,ML,6856.116748263872,4684.501363650009,1461.0
3169809,2011/07/17 08:52:43.74,38.83935,-122.82985,5.061,1.28,ML,3509.8755755707066,4266.7902581114595,5061.0
3263186,2011/07/17 09:03:28.18,38.829,-122.78928,2.233,0.77,ML,6807.815963835673,2587.333711961358,2233.0
3169949,2011/07/18 21:14:42.65,38.8394,-122.827,3.213,1.52,ML,3680.7946545399946,4088.052416620731,3213.0
3170155,2011/07/21 00:53:47.48,38.82288,-122.7925,4.045,1.41,ML,7088.798741799682,3263.367466726343,4045.0
3170381,2011/07/23 09:42:13.38,38.8156,-122.74972,2.252,1.13,ML,10282.271856458545,1208.3061753123393,2252.0
3170520,2011/07/25 02:32:15.45,38.80325,-122.81695,3.558,1.3,ML,7123.777666107586,6298.034708670231,3558.0
3170563,2011/07/25 12:16:31.96,38.8417,-122.82632,2.981,0.95,ML,3542.6765737047826,3866.5074214296765,2981.0
3170599,2011/07/25 16:54:18.59,38.84007,-122.82874,2.847,0.43,ML,3521.6715699212377,4142.40408344085,2847.0
3170658,2011/07/26 07:37:03.35,38.8359,-122.79356,2.896,0.84,ML,6005.771942855381,2310.3885048650736,2896.0
3170754,2011/07/27 05:08:52.67,38.81728,-122.81423,3.055,1.05,ML,6193.659112941825,5034.208498081099,3055.0
3170837,2011/07/28 00:42:08.53,38.80718,-122.79258,0.273,1.28,ML,8311.436992249046,4495.820648275985,273.0
3263476,2011/07/28 16:14:46.13,38.82598,-122.80428,2.616,0.96,ML,6123.7928013229875,3743.610130820388,2616.0
3170986,2011/07/29 05:57:26.23,38.79395,-122.80045,3.815,1.83,ML,8863.087350435328,6013.014853488214,3815.0
3171182,2011/07/30 19:47:27.41,38.8061,-122.79345,1.444,1.2,ML,8342.510939629783,4633.631971377032,1444.0
3171490,2011/08/02 17:00:46.54,38.7743,-122.75172,0.837,0.96,ML,13388.734139407028,4560.141735778215,837.0
3171687,2011/08/04 13:26:20.96,38.82038,-122.79405,4.533,1.37,ML,7189.185659819602,3553.918674820673,4533.0
3171872,2011/08/06 04:58:03.79,38.79358,-122.78165,0.636,1.84,ML,10045.27117609426,4888.689870494829,636.0
3171876,2011/08/06 05:08:27.35,38.81732,-122.78732,4.147,1.44,ML,7841.280332422893,3380.332268581324,4147.0
3171896,2011/08/06 10:20:55.15,38.81208,-122.81519,3.446,1.24,ML,6541.345177496345,5499.673735844176,3446.0
3171902,2011/08/06 11:04:59.14,38.82055,-122.8005,3.785,1.09,ML,6780.229353536969,3936.2911885279646,3785.0
3171955,2011/08/06 19:28:06.18,38.84272,-122.82743,2.854,1.51,ML,3394.834111466201,3854.8471282139803,2854.0
3172231,2011/08/09 16:52:01.66,38.84941,-122.82868,2.268,0.72,ML,2795.0797495011893,3408.451064696465,2268.0
3263922,2011/08/11 15:07:18.60,38.8434,-122.7892,5.098,0.98,ML,5686.821626176464,1456.5244432001268,5098.0
3172863,2011/08/15 01:48:01.31,38.82475,-122.79446,3.777,1.49,ML,6822.354976649766,3237.3895135419366,3777.0
3172975,2011/08/15 20:33:55.01,38.80885,-122.78815,2.788,0.9,ML,8452.614562976158,4093.496409304759,2788.0
3173042,2011/08/16 06:04:11.39,38.84095,-122.82809,2.702,0.77,ML,3492.7396173208595,4033.7258156485414,2702.0
3264121,2011/08/17 12:48:26.70,38.814,-122.7935,0.127,0.31,ML,7721.761534400573,4019.0168980841863,127.0
3173241,2011/08/17 20:49:50.23,38.83482,-122.80167,1.653,0.89,ML,5592.720257932011,2892.3254602702264,1653.0
3173365,2011/08/19 05:07:57.67,38.83885,-122.80258,1.27,0.87,ML,5221.801707648398,2633.0517512570623,1270.0
3173420,2011/08/19 16:48:01.42,38.81838,-122.77451,2.179,1.29,ML,8544.209370931885,2511.6454646004577,2179.0
3264357,2011/08/25 20:38:19.73,38.80615,-122.81527,3.402,0.74,ML,7000.090329518077,5968.233818966185,3402.0
3174376,2011/08/29 09:57:01.41,38.84122,-122.82864,3.288,1.16,ML,3437.890132852781,4046.353982496175,3288.0
3175187,2011/09/06 14:38:58.52,38.83137,-122.76279,1.243,1.18,ML,8247.495822409179,777.0445098313479,1243.0
3175531,2011/09/09 16:39:51.52,38.82533,-122.8556,2.404,1.58,ML,3026.475607185434,6942.5712377477785,2404.0
3175537,2011/09/09 18:46:43.58,38.8477,-122.8262,2.329,1.52,ML,3080.912020692445,3390.020471766922,2329.0
3313357,2011/09/12 15:41:31.95,38.80853,-122.735,2.589,0.9,ML,11738.032028044561,858.119024379353,2589.0
3175925,2011/09/13 03:30:21.68,38.80482,-122.80363,3.878,1.08,ML,7818.116108636984,5358.187122940709,3878.0
3176003,2011/09/13 21:58:42.21,38.84118,-122.80103,2.499,1.78,ML,5134.706685917021,2355.792439449532,2499.0
3176317,2011/09/16 12:09:27.51,38.83928,-122.80472,2.604,1.42,ML,5056.906325331423,2730.705775882092,2604.0
3176429,2011/09/17 10:49:30.76,38.82342,-122.85385,2.993,0.51,ML,3283.1647802748166,6984.558793010316,2993.0
3265107,2011/09/17 20:22:02.50,38.82925,-122.78965,3.218,0.46,ML,6765.572029360241,2590.483833825143,3218.0
3265193,2011/09/19 16:21:06.79,38.79427,-122.80936,3.827,0.55,ML,8291.498334696993,6534.563789084662,3827.0
3176919,2011/09/21 01:40:59.48,38.8327,-122.7584,1.746,1.01,ML,8412.803452936561,403.7577962105341,1746.0
3176926,2011/09/21 02:56:15.30,38.79675,-122.78882,0.316,0.51,ML,9357.584804189308,5080.666698485784,316.0
3265255,2011/09/21 08:03:50.52,38.82743,-122.78965,1.395,0.79,ML,6907.873507266127,2732.7853117310283,1395.0
3176997,2011/09/21 14:51:30.39,38.83655,-122.7993,3.537,0.75,ML,5602.839333224504,2611.6772017061116,3537.0
3177096,2011/09/22 10:34:25.17,38.79597,-122.80525,3.949,1.64,ML,8410.7004144658,6149.523783557985,3949.0
3313506,2011/09/23 05:41:03.83,38.84193,-122.8488,4.857,0.61,ML,2145.6956002626607,5227.52208727006,4857.0
3177237,2011/09/23 13:27:19.98,38.82745,-122.85692,2.688,0.46,ML,2779.7446601322317,6857.786653856124,2688.0
3313514,2011/09/24 01:49:39.42,38.80818,-122.82294,3.759,0.52,ML,6370.866190678095,6280.016199401458,3759.0
3177326,2011/09/24 09:55:50.32,38.83215,-122.8068,2.726,0.67,ML,5486.789988863175,3415.7776480297675,2726.0
3177416,2011/09/25 10:05:45.79,38.83455,-122.80078,2.035,1.27,ML,5668.426470989487,2858.840564833197,2035.0000000000002
3177533,2011/09/26 13:01:20.53,38.79562,-122.74924,5.013,1.05,ML,11873.90540171452,2741.050133964907,5013.0
3177735,2011/09/28 13:40:55.89,38.84528,-122.82675,2.646,1.42,ML,3236.3872480732443,3612.9733504651795,2646.0
3177871,2011/09/30 00:12:21.83,38.84505,-122.83013,2.587,0.58,ML,3047.0299823739033,3838.29692376737,2587.0
3177898,2011/09/30 05:56:58.38,38.80382,-122.81063,3.878,0.96,ML,7466.900498206031,5865.777983817139,3878.0
3178277,2011/10/03 16:13:54.72,38.82243,-122.79795,2.368,1.11,ML,6789.662082534438,3632.8729886923297,2368.0
3178598,2011/10/07 03:16:37.59,38.84002,-122.8427,1.391,1.09,ML,2669.228212650517,5002.6662032330105,1391.0
3178660,2011/10/07 08:47:29.44,38.83935,-122.82581,2.49,1.41,ML,3757.7025858614234,4018.9632478207427,2490.0
3178859,2011/10/09 09:05:06.45,38.8666,-122.80188,1.166,0.98,ML,3095.03543127842,420.40482775529944,1166.0
3178880,2011/10/09 12:59:01.77,38.80928,-122.8201,3.686,1.45,ML,6459.0748299697,6019.794784619273,3686.0
3178917,2011/10/09 22:10:26.26,38.8359,-122.79996,1.244,0.97,ML,5613.174698829473,2702.9857488909815,1244.0
3179000,2011/10/10 17:09:16.99,38.79608,-122.77302,4.163,1.29,ML,10379.194959277615,4163.827961196114,4163.0
3179035,2011/10/11 01:11:29.63,38.82215,-122.77802,1.694,1.97,ML,8034.126972821284,2432.193168529774,1694.0
3179073,2011/10/11 11:38:27.99,38.82955,-122.8257,3.29,0.58,ML,4530.689078178582,4778.454209873713,3290.0
3313683,2011/10/12 00:39:44.28,38.84115,-122.78302,3.082,0.3,ML,6241.845496690912,1253.3448861893933,3082.0
3179314,2011/10/13 23:53:47.28,38.78433,-122.77386,4.426,1.23,ML,11246.371167369238,5134.060945844136,4426.0
3313706,2011/10/14 10:42:25.31,38.81173,-122.78416,3.153,1.32,ML,8472.194046656869,3623.5562043404034,3153.0
3179487,2011/10/15 08:05:53.41,38.84113,-122.84372,1.743,0.49,ML,2519.8697628859854,4978.448125003117,1743.0
3179584,2011/10/16 10:15:36.51,38.77163,-122.71705,1.558,1.05,ML,15724.267981623998,2642.1298122508397,1558.0
3179614,2011/10/16 18:25:46.79,38.83047,-122.83635,2.791,0.7,ML,3805.4501115866124,5359.8279460554,2791.0
3313719,2011/10/17 01:40:59.03,38.83758,-122.85114,2.951,0.35,ML,2342.2684026347724,5711.181624336613,2951.0
3266091,2011/10/19 11:09:56.94,38.81797,-122.80972,4.2,0.78,ML,6416.368021936859,4703.600666277518,4200.0
3179939,2011/10/19 21:38:35.79,38.81647,-122.80376,2.545,0.95,ML,6899.25564327052,4455.275920612632,2545.0
3180443,2011/10/23 16:40:51.63,38.81708,-122.76984,2.415,1.58,ML,8932.32658522218,2326.8160758898407,2415.0
3180445,2011/10/23 16:45:29.88,38.83643,-122.81104,2.281,0.87,ML,4892.051278741155,3341.2302862433626,2281.0
3180654,2011/10/25 15:58:13.65,38.83357,-122.8054,2.659,0.91,ML,5461.644208176425,3218.870573082937,2659.0
3313824,2011/10/25 23:27:48.34,38.84378,-122.80113,3.383,0.23,ML,4925.284528399233,2158.6389458079634,3383.0
3180834,2011/10/27 08:24:12.80,38.84381,-122.83082,3.026,0.52,ML,3101.655747278638,3977.576469415918,3026.0
3181003,2011/10/28 23:15:03.99,38.83788,-122.7769,3.09,1.34,ML,6872.9401457694585,1133.5973060688377,3090.0
3181204,2011/10/30 13:27:44.41,38.82453,-122.80656,3.409,1.8,ML,6097.302089711917,3996.844955577679,3409.0
3181217,2011/10/30 16:24:28.76,38.75593,-122.71899,0.908,0.84,ML,16832.8076580284,3988.6815678465546,908.0
3266472,2011/10/30 19:00:12.24,38.84566,-122.83418,2.293,0.8,ML,2750.8950875022088,4039.0429158668235,2293.0
3181668,2011/11/04 01:16:37.23,38.83242,-122.79581,3.883,0.91,ML,6139.842410028305,2720.5039092441916,3883.0
3181687,2011/11/04 03:51:10.30,38.83175,-122.80647,2.794,1.29,ML,5538.308334346809,3426.8094027243233,2794.0
3181692,2011/11/04 05:07:58.74,38.82303,-122.80505,3.693,0.84,ML,6307.211939809311,4021.497981149059,3693.0
3266680,2011/11/04 17:00:45.32,38.78612,-122.76212,0.0,0.7,ML,11826.58588773053,4273.934527184828,0.0
3266706,2011/11/05 03:40:33.42,38.81315,-122.81443,3.44,0.53,ML,6504.305341235991,5369.392054127702,3440.0
3182077,2011/11/06 22:57:50.00,38.84447,-122.83673,2.451,0.74,ML,2687.512897101021,4288.511654298741,2451.0
3266887,2011/11/08 04:44:23.54,38.82772,-122.77396,5.461,1.04,ML,7847.675777008397,1747.6342193595128,5461.0
3266894,2011/11/08 07:48:55.20,38.79647,-122.738,0.741,0.7,ML,12496.94483009568,1985.0917427048137,741.0
3267110,2011/11/12 20:31:27.83,38.82602,-122.8533,2.025,0.55,ML,3113.615780352996,6747.532141772782,2025.0
3183029,2011/11/14 09:21:24.80,38.82938,-122.79567,1.057,0.28,ML,6386.120855419054,2949.606225208584,1057.0
3267204,2011/11/14 19:26:02.86,38.84777,-122.8276,2.418,0.61,ML,2989.5582397964126,3470.4279851327155,2418.0
3267273,2011/11/16 04:08:20.52,38.8192,-122.78772,3.624,0.85,ML,7669.750269252244,3257.876860913806,3624.0
3185309,2011/12/02 04:43:49.93,38.80853,-122.7997,2.018,1.02,ML,7769.119264219588,4827.0317882043255,2017.9999999999998
3185354,2011/12/02 14:03:53.68,38.8378,-122.84378,1.849,1.09,ML,2776.553955716011,5242.493516157479,1849.0
3185556,2011/12/04 09:29:18.92,38.82407,-122.773,2.607,1.22,ML,8191.950195676368,1974.1294648189266,2607.0
3185738,2011/12/05 09:43:13.11,38.8375,-122.8409,2.392,1.14,ML,2976.679003094203,5089.2810439134855,2392.0
3185793,2011/12/05 16:01:32.71,38.84197,-122.83881,2.243,0.82,ML,2755.387855850184,4611.574821663828,2243.0
3268279,2011/12/06 08:34:25.50,38.79984,-122.73901,1.534,0.83,ML,12171.49578052167,1783.5561982757276,1534.0
3185918,2011/12/06 13:00:03.06,38.81733,-122.8136,2.523,1.21,ML,6228.396022889417,4991.652825610956,2523.0
3185978,2011/12/06 19:54:13.50,38.84537,-122.8283,0.956,0.41,ML,3134.2682167659655,3701.0186092323092,956.0
3185997,2011/12/06 22:08:20.70,38.82447,-122.8025,3.786,1.42,ML,6351.04722390523,3752.482336411873,3786.0
3186029,2011/12/07 03:50:27.42,38.83615,-122.80643,1.073,1.16,ML,5196.736516140715,3080.3301189680915,1073.0
3186117,2011/12/07 16:31:29.30,38.83058,-122.80617,0.66,0.92,ML,5648.190851672103,3499.8859284209616,660.0
3186137,2011/12/07 19:03:09.37,38.74722,-122.72127,2.065,1.06,ML,17373.959105535916,4809.558551722432,2065.0
3186177,2011/12/08 03:22:49.13,38.79815,-122.77419,4.162,0.99,ML,10145.574891392851,4073.751260658571,4162.0
3186477,2011/12/09 13:45:52.24,38.83595,-122.84005,1.807,0.48,ML,3150.011643662049,5158.330041536963,1807.0
3186687,2011/12/11 00:16:04.55,38.83485,-122.84309,1.761,0.67,ML,3049.5343404945434,5430.820120193941,1761.0
3268610,2011/12/11 11:48:35.52,38.7762,-122.72478,2.151,0.94,ML,14892.766675555367,2758.9962237818,2151.0
3187093,2011/12/13 17:07:13.06,38.8169,-122.81935,1.554,1.13,ML,5909.292615305447,5377.997590886871,1554.0
3187246,2011/12/14 17:32:29.61,38.78438,-122.73955,1.496,1.36,ML,13347.15107400364,3025.4622766871835,1496.0
3187685,2011/12/17 20:10:14.41,38.83525,-122.7837,2.267,1.47,ML,6661.4390283279845,1756.3653321823085,2267.0
3269047,2011/12/18 15:14:01.21,38.80235,-122.81002,3.209,0.8,ML,7619.255732105865,5943.294368073436,3209.0
3187887,2011/12/19 03:08:46.01,38.81892,-122.8164,2.985,1.21,ML,5932.316404523131,5039.09579576832,2985.0
3187926,2011/12/19 07:01:16.63,38.81443,-122.75287,1.724,1.03,ML,10180.519921925175,1493.0171528676403,1724.0
3188481,2011/12/22 22:23:00.26,38.84345,-122.83943,3.102,0.97,ML,2601.6373125058713,4533.889994349278,3102.0
3188670,2011/12/24 04:15:19.61,38.84395,-122.83773,2.834,1.44,ML,2666.827142838592,4390.512538793264,2834.0
3188736,2011/12/24 15:49:27.51,38.8492,-122.82452,2.94,0.79,ML,3066.6873594144554,3169.6822573761383,2940.0
3188781,2011/12/25 01:32:44.16,38.82525,-122.80072,3.742,1.09,ML,6399.251984725945,3582.304880243574,3742.0
3188968,2011/12/26 04:12:24.16,38.79212,-122.78025,1.52,1.07,ML,10245.305756050762,4916.963156189505,1520.0
3189058,2011/12/26 21:28:19.66,38.82224,-122.7856,5.594,0.67,ML,7562.1077256577055,2890.138643153203,5594.0
3269568,2011/12/27 21:03:32.25,38.79623,-122.7675,2.811,0.91,ML,10706.081938466981,3813.484694440202,2811.0
3189275,2011/12/28 04:31:13.36,38.75558,-122.71833,0.9,0.8,ML,16900.659917647044,3975.560645883552,900.0
3189283,2011/12/28 05:11:52.78,38.8089,-122.80955,1.139,0.65,ML,7135.958147003114,5402.33406275525,1139.0
3189304,2011/12/28 08:26:33.17,38.84162,-122.8414,2.549,0.55,ML,2623.874327486938,4797.819687683825,2549.0
3189367,2011/12/28 16:55:40.06,38.8378,-122.79562,4.984,0.26,ML,5730.848217011035,2288.1992548624553,4984.0
3189455,2011/12/29 05:38:28.39,38.83685,-122.77243,2.968,0.89,ML,7227.678037373313,939.9259224242157,2968.0
3189475,2011/12/29 08:12:38.21,38.8055,-122.77623,4.302,1.29,ML,9445.755474471298,3624.2125868028043,4302.0
3189558,2011/12/29 23:32:42.61,38.84073,-122.84427,2.407,0.56,ML,2517.4059873172255,5043.46200075007,2407.0
3269758,2011/12/30 10:56:23.13,38.84085,-122.83863,2.601,0.61,ML,2853.9997935881215,4688.103164425271,2601.0
3189768,2011/12/31 08:08:07.18,38.83803,-122.79987,1.845,0.71,ML,5452.155955848691,2530.9252084219515,1845.0
3189831,2011/12/31 17:04:02.00,38.8322,-122.78635,2.412,0.95,ML,6737.351488903371,2157.397385467019,2412.0
3269830,2011/12/31 17:07:14.11,38.84212,-122.83715,1.118,0.36,ML,2845.4896222362117,4498.016767711258,1118.0
3189878,2011/12/31 22:16:22.58,38.8158,-122.80658,0.772,1.05,ML,6778.653191520914,4680.649790160874,772.0
